year,month,soil_moisture,oblast
2014,1,0.39861155913978497,Akmolinskaya
2014,2,0.39304761904761903,Akmolinskaya
2014,3,0.43255241935483874,Akmolinskaya
2014,4,0.45468888888888886,Akmolinskaya
2014,5,0.3376733870967742,Akmolinskaya
2014,6,0.28707777777777777,Akmolinskaya
2014,7,0.38424731182795696,Akmolinskaya
2014,8,0.3060618279569893,Akmolinskaya
2014,9,0.3154638888888889,Akmolinskaya
2014,10,0.4305241935483871,Akmolinskaya
2014,11,0.43394166666666667,Akmolinskaya
2014,12,0.40623252688172046,Akmolinskaya
2015,1,0.3954354838709678,Akmolinskaya
2015,2,0.39008184523809525,Akmolinskaya
2015,3,0.40545026881720436,Akmolinskaya
2015,4,0.46789722222222224,Akmolinskaya
2015,5,0.41548655913978494,Akmolinskaya
2015,6,0.35305277777777777,Akmolinskaya
2015,7,0.3380725806451613,Akmolinskaya
2015,8,0.31883467741935484,Akmolinskaya
2015,9,0.3339416666666667,Akmolinskaya
2015,10,0.37070833333333336,Akmolinskaya
2015,11,0.3993263888888889,Akmolinskaya
2015,12,0.40837365591397845,Akmolinskaya
2016,1,0.39643279569892476,Akmolinskaya
2016,2,0.3949626436781609,Akmolinskaya
2016,3,0.4552997311827957,Akmolinskaya
2016,4,0.4372472222222222,Akmolinskaya
2016,5,0.3363548387096774,Akmolinskaya
2016,6,0.36818749999999995,Akmolinskaya
2016,7,0.43046639784946233,Akmolinskaya
2016,8,0.3142876344086022,Akmolinskaya
2016,9,0.3356513888888889,Akmolinskaya
2016,10,0.4201787634408602,Akmolinskaya
2016,11,0.4260513888888889,Akmolinskaya
2016,12,0.41793951612903224,Akmolinskaya
2017,1,0.41413978494623654,Akmolinskaya
2017,2,0.4215535714285714,Akmolinskaya
2017,3,0.44904973118279573,Akmolinskaya
2017,4,0.44650694444444444,Akmolinskaya
2017,5,0.3004341397849462,Akmolinskaya
2017,6,0.31005,Akmolinskaya
2017,7,0.35050806451612904,Akmolinskaya
2017,8,0.2829072580645161,Akmolinskaya
2017,9,0.31007083333333335,Akmolinskaya
2017,10,0.37551209677419356,Akmolinskaya
2017,11,0.42733611111111114,Akmolinskaya
2017,12,0.4053548387096774,Akmolinskaya
2018,1,0.40972983870967744,Akmolinskaya
2018,2,0.4239955357142857,Akmolinskaya
2018,3,0.5018655913978495,Akmolinskaya
2018,4,0.4779791666666666,Akmolinskaya
2018,5,0.3834086021505377,Akmolinskaya
2018,6,0.37174166666666664,Akmolinskaya
2018,7,0.35927688172043015,Akmolinskaya
2018,8,0.39506451612903226,Akmolinskaya
2018,9,0.39070972222222217,Akmolinskaya
2018,10,0.38591801075268817,Akmolinskaya
2018,11,0.4294263888888889,Akmolinskaya
2018,12,0.44059005376344085,Akmolinskaya
2019,1,0.4463091397849463,Akmolinskaya
2019,2,0.45553422619047623,Akmolinskaya
2019,3,0.49270967741935484,Akmolinskaya
2019,4,0.4350888888888889,Akmolinskaya
2019,5,0.32422446236559144,Akmolinskaya
2019,6,0.37125694444444446,Akmolinskaya
2019,7,0.3199193548387097,Akmolinskaya
2019,8,0.3199811827956989,Akmolinskaya
2019,9,0.3774055555555555,Akmolinskaya
2019,10,0.34539650537634414,Akmolinskaya
2019,11,0.3593069444444445,Akmolinskaya
2019,12,0.37137365591397853,Akmolinskaya
2020,1,0.3753346774193549,Akmolinskaya
2020,2,0.41687068965517243,Akmolinskaya
2020,3,0.46811021505376343,Akmolinskaya
2020,4,0.4223458333333333,Akmolinskaya
2020,5,0.3024569892473118,Akmolinskaya
2020,6,0.30058194444444447,Akmolinskaya
2020,7,0.3651814516129032,Akmolinskaya
2020,8,0.32925806451612905,Akmolinskaya
2020,9,0.33976666666666666,Akmolinskaya
2020,10,0.3205913978494624,Akmolinskaya
2020,11,0.3808277777777778,Akmolinskaya
2020,12,0.37588978494623654,Akmolinskaya
2021,1,0.3805470430107527,Akmolinskaya
2021,2,0.38578125,Akmolinskaya
2021,3,0.40805913978494623,Akmolinskaya
2021,4,0.4270125,Akmolinskaya
2021,5,0.3023521505376344,Akmolinskaya
2021,6,0.3203861111111111,Akmolinskaya
2021,7,0.3310497311827957,Akmolinskaya
2021,8,0.3051034946236559,Akmolinskaya
2021,9,0.3460430555555556,Akmolinskaya
2021,10,0.3561129032258064,Akmolinskaya
2021,11,0.40724444444444446,Akmolinskaya
2021,12,0.41001075268817205,Akmolinskaya
2022,1,0.411627688172043,Akmolinskaya
2022,2,0.41782886904761907,Akmolinskaya
2022,3,0.47051881720430105,Akmolinskaya
2022,4,0.4109069444444445,Akmolinskaya
2022,5,0.28850806451612904,Akmolinskaya
2022,6,0.3163888888888889,Akmolinskaya
2022,7,0.3304099462365591,Akmolinskaya
2022,8,0.3334650537634409,Akmolinskaya
2022,9,0.3016652777777778,Akmolinskaya
2022,10,0.3265497311827957,Akmolinskaya
2022,11,0.41619027777777773,Akmolinskaya
2022,12,0.41387096774193544,Akmolinskaya
2023,1,0.41611021505376344,Akmolinskaya
2023,2,0.4308080357142857,Akmolinskaya
2023,3,0.478622311827957,Akmolinskaya
2023,4,0.42444166666666666,Akmolinskaya
2023,5,0.30603091397849463,Akmolinskaya
2023,6,0.296725,Akmolinskaya
2023,7,0.3079637096774194,Akmolinskaya
2023,8,0.34432930107526877,Akmolinskaya
2023,9,0.4360277777777778,Akmolinskaya
2023,10,0.37611021505376346,Akmolinskaya
2023,11,0.45035000000000003,Akmolinskaya
2023,12,0.4786034946236559,Akmolinskaya
2014,1,0.23929435483870967,Aktubinskaya
2014,2,0.2303839285714286,Aktubinskaya
2014,3,0.3019731182795699,Aktubinskaya
2014,4,0.3164736111111111,Aktubinskaya
2014,5,0.17472446236559142,Aktubinskaya
2014,6,0.1482625,Aktubinskaya
2014,7,0.15661827956989247,Aktubinskaya
2014,8,0.12376075268817205,Aktubinskaya
2014,9,0.14701111111111112,Aktubinskaya
2014,10,0.24540591397849462,Aktubinskaya
2014,11,0.26847499999999996,Aktubinskaya
2014,12,0.2761962365591398,Aktubinskaya
2015,1,0.2789233870967742,Aktubinskaya
2015,2,0.2592485119047619,Aktubinskaya
2015,3,0.2948346774193548,Aktubinskaya
2015,4,0.3571388888888889,Aktubinskaya
2015,5,0.2791841397849462,Aktubinskaya
2015,6,0.1351125,Aktubinskaya
2015,7,0.12583736559139785,Aktubinskaya
2015,8,0.1320954301075269,Aktubinskaya
2015,9,0.13686805555555556,Aktubinskaya
2015,10,0.1797056451612903,Aktubinskaya
2015,11,0.25198472222222223,Aktubinskaya
2015,12,0.2915739247311828,Aktubinskaya
2016,1,0.27825537634408604,Aktubinskaya
2016,2,0.2778635057471264,Aktubinskaya
2016,3,0.39523924731182797,Aktubinskaya
2016,4,0.3662222222222222,Aktubinskaya
2016,5,0.3202997311827957,Aktubinskaya
2016,6,0.20108055555555554,Aktubinskaya
2016,7,0.18184408602150537,Aktubinskaya
2016,8,0.1243521505376344,Aktubinskaya
2016,9,0.15759861111111112,Aktubinskaya
2016,10,0.20751075268817204,Aktubinskaya
2016,11,0.26179861111111113,Aktubinskaya
2016,12,0.2654153225806452,Aktubinskaya
2017,1,0.21299059139784945,Aktubinskaya
2017,2,0.21683333333333332,Aktubinskaya
2017,3,0.29381182795698924,Aktubinskaya
2017,4,0.33405416666666665,Aktubinskaya
2017,5,0.21858736559139783,Aktubinskaya
2017,6,0.17266111111111113,Aktubinskaya
2017,7,0.1517258064516129,Aktubinskaya
2017,8,0.14461827956989248,Aktubinskaya
2017,9,0.1370888888888889,Aktubinskaya
2017,10,0.2654462365591398,Aktubinskaya
2017,11,0.3139597222222222,Aktubinskaya
2017,12,0.28634408602150535,Aktubinskaya
2018,1,0.28057795698924737,Aktubinskaya
2018,2,0.2829970238095238,Aktubinskaya
2018,3,0.3205013440860215,Aktubinskaya
2018,4,0.31585,Aktubinskaya
2018,5,0.1659744623655914,Aktubinskaya
2018,6,0.1408,Aktubinskaya
2018,7,0.13089112903225805,Aktubinskaya
2018,8,0.1373991935483871,Aktubinskaya
2018,9,0.15314583333333334,Aktubinskaya
2018,10,0.1651962365591398,Aktubinskaya
2018,11,0.1812736111111111,Aktubinskaya
2018,12,0.24266935483870966,Aktubinskaya
2019,1,0.23819489247311826,Aktubinskaya
2019,2,0.23724255952380952,Aktubinskaya
2019,3,0.29515456989247313,Aktubinskaya
2019,4,0.27803472222222225,Aktubinskaya
2019,5,0.15300806451612903,Aktubinskaya
2019,6,0.1313888888888889,Aktubinskaya
2019,7,0.13967204301075267,Aktubinskaya
2019,8,0.17733198924731183,Aktubinskaya
2019,9,0.1987611111111111,Aktubinskaya
2019,10,0.17343682795698925,Aktubinskaya
2019,11,0.18782222222222222,Aktubinskaya
2019,12,0.1999274193548387,Aktubinskaya
2020,1,0.2094287634408602,Aktubinskaya
2020,2,0.2297485632183908,Aktubinskaya
2020,3,0.32831451612903223,Aktubinskaya
2020,4,0.28126527777777777,Aktubinskaya
2020,5,0.21371908602150538,Aktubinskaya
2020,6,0.13584861111111113,Aktubinskaya
2020,7,0.14473655913978495,Aktubinskaya
2020,8,0.15473521505376345,Aktubinskaya
2020,9,0.15595277777777777,Aktubinskaya
2020,10,0.15781451612903227,Aktubinskaya
2020,11,0.22221805555555557,Aktubinskaya
2020,12,0.224,Aktubinskaya
2021,1,0.224,Aktubinskaya
2021,2,0.29122023809523806,Aktubinskaya
2021,3,0.3034032258064516,Aktubinskaya
2021,4,0.3147638888888889,Aktubinskaya
2021,5,0.14584543010752687,Aktubinskaya
2021,6,0.13831527777777777,Aktubinskaya
2021,7,0.13216532258064517,Aktubinskaya
2021,8,0.11568145161290323,Aktubinskaya
2021,9,0.15194444444444447,Aktubinskaya
2021,10,0.18397580645161293,Aktubinskaya
2021,11,0.26713611111111113,Aktubinskaya
2021,12,0.3109247311827957,Aktubinskaya
2022,1,0.32077956989247314,Aktubinskaya
2022,2,0.3218229166666667,Aktubinskaya
2022,3,0.3852741935483871,Aktubinskaya
2022,4,0.3450513888888889,Aktubinskaya
2022,5,0.23819220430107527,Aktubinskaya
2022,6,0.13633472222222223,Aktubinskaya
2022,7,0.19587903225806452,Aktubinskaya
2022,8,0.14253629032258064,Aktubinskaya
2022,9,0.1502638888888889,Aktubinskaya
2022,10,0.19193951612903226,Aktubinskaya
2022,11,0.31956805555555556,Aktubinskaya
2022,12,0.3149596774193549,Aktubinskaya
2023,1,0.31616532258064517,Aktubinskaya
2023,2,0.3131488095238095,Aktubinskaya
2023,3,0.35494354838709674,Aktubinskaya
2023,4,0.28713194444444445,Aktubinskaya
2023,5,0.23723387096774196,Aktubinskaya
2023,6,0.14634444444444444,Aktubinskaya
2023,7,0.14875806451612902,Aktubinskaya
2023,8,0.14675403225806452,Aktubinskaya
2023,9,0.2896625,Aktubinskaya
2023,10,0.32011021505376347,Aktubinskaya
2023,11,0.36254166666666665,Aktubinskaya
2023,12,0.3709758064516129,Aktubinskaya
2014,1,0.4130645161290322,Almatinskaya
2014,2,0.5377574404761905,Almatinskaya
2014,3,0.5235873655913978,Almatinskaya
2014,4,0.32685,Almatinskaya
2014,5,0.2298037634408602,Almatinskaya
2014,6,0.1943333333333333,Almatinskaya
2014,7,0.17900403225806452,Almatinskaya
2014,8,0.1767029569892473,Almatinskaya
2014,9,0.1840277777777778,Almatinskaya
2014,10,0.39640053763440863,Almatinskaya
2014,11,0.46806388888888883,Almatinskaya
2014,12,0.48394220430107526,Almatinskaya
2015,1,0.502978494623656,Almatinskaya
2015,2,0.5340252976190476,Almatinskaya
2015,3,0.43273790322580646,Almatinskaya
2015,4,0.31964583333333335,Almatinskaya
2015,5,0.227252688172043,Almatinskaya
2015,6,0.1860361111111111,Almatinskaya
2015,7,0.1835981182795699,Almatinskaya
2015,8,0.216494623655914,Almatinskaya
2015,9,0.2608611111111111,Almatinskaya
2015,10,0.358619623655914,Almatinskaya
2015,11,0.4928666666666666,Almatinskaya
2015,12,0.5109986559139785,Almatinskaya
2016,1,0.5401532258064516,Almatinskaya
2016,2,0.5434798850574712,Almatinskaya
2016,3,0.43043951612903225,Almatinskaya
2016,4,0.41259166666666663,Almatinskaya
2016,5,0.3479704301075269,Almatinskaya
2016,6,0.22350694444444447,Almatinskaya
2016,7,0.20194489247311825,Almatinskaya
2016,8,0.18473790322580644,Almatinskaya
2016,9,0.19045416666666667,Almatinskaya
2016,10,0.37425268817204305,Almatinskaya
2016,11,0.43242083333333337,Almatinskaya
2016,12,0.5117795698924731,Almatinskaya
2017,1,0.46735618279569896,Almatinskaya
2017,2,0.5353526785714285,Almatinskaya
2017,3,0.4703118279569892,Almatinskaya
2017,4,0.31712222222222225,Almatinskaya
2017,5,0.09841263440860214,Almatinskaya
2017,6,0.05743611111111111,Almatinskaya
2017,7,0.043864247311827954,Almatinskaya
2017,8,0.05444220430107527,Almatinskaya
2017,9,0.060175,Almatinskaya
2017,10,0.2131478494623656,Almatinskaya
2017,11,0.17930416666666665,Almatinskaya
2017,12,0.27043279569892476,Almatinskaya
2018,1,0.3753494623655914,Almatinskaya
2018,2,0.41717410714285713,Almatinskaya
2018,3,0.46653629032258065,Almatinskaya
2018,4,0.2248305555555556,Almatinskaya
2018,5,0.07076747311827958,Almatinskaya
2018,6,0.055931944444444444,Almatinskaya
2018,7,0.04694220430107526,Almatinskaya
2018,8,0.05848521505376344,Almatinskaya
2018,9,0.05470138888888888,Almatinskaya
2018,10,0.10641129032258065,Almatinskaya
2018,11,0.28292361111111114,Almatinskaya
2018,12,0.48816129032258065,Almatinskaya
2019,1,0.5082016129032259,Almatinskaya
2019,2,0.538108630952381,Almatinskaya
2019,3,0.3262674731182796,Almatinskaya
2019,4,0.20410694444444444,Almatinskaya
2019,5,0.07339247311827957,Almatinskaya
2019,6,0.06953055555555555,Almatinskaya
2019,7,0.0460510752688172,Almatinskaya
2019,8,0.06286424731182796,Almatinskaya
2019,9,0.07449861111111111,Almatinskaya
2019,10,0.11826612903225805,Almatinskaya
2019,11,0.14969305555555557,Almatinskaya
2019,12,0.2687271505376344,Almatinskaya
2020,1,0.4405389784946236,Almatinskaya
2020,2,0.5037600574712644,Almatinskaya
2020,3,0.2770779569892473,Almatinskaya
2020,4,0.133175,Almatinskaya
2020,5,0.09207258064516129,Almatinskaya
2020,6,0.0556875,Almatinskaya
2020,7,0.06382795698924731,Almatinskaya
2020,8,0.055455645161290326,Almatinskaya
2020,9,0.10751805555555555,Almatinskaya
2020,10,0.10393951612903227,Almatinskaya
2020,11,0.16724444444444445,Almatinskaya
2020,12,0.22817204301075272,Almatinskaya
2021,1,0.229,Almatinskaya
2021,2,0.42073065476190474,Almatinskaya
2021,3,0.48646908602150535,Almatinskaya
2021,4,0.2393875,Almatinskaya
2021,5,0.06870430107526881,Almatinskaya
2021,6,0.06050972222222222,Almatinskaya
2021,7,0.06407930107526881,Almatinskaya
2021,8,0.08760215053763441,Almatinskaya
2021,9,0.12506527777777776,Almatinskaya
2021,10,0.20931586021505375,Almatinskaya
2021,11,0.22498194444444444,Almatinskaya
2021,12,0.32481720430107525,Almatinskaya
2022,1,0.38576881720430106,Almatinskaya
2022,2,0.419203869047619,Almatinskaya
2022,3,0.4960793010752689,Almatinskaya
2022,4,0.16689305555555556,Almatinskaya
2022,5,0.06406317204301075,Almatinskaya
2022,6,0.060331944444444445,Almatinskaya
2022,7,0.06405376344086021,Almatinskaya
2022,8,0.0625967741935484,Almatinskaya
2022,9,0.0676361111111111,Almatinskaya
2022,10,0.1117016129032258,Almatinskaya
2022,11,0.44727777777777783,Almatinskaya
2022,12,0.5364623655913979,Almatinskaya
2023,1,0.5758736559139784,Almatinskaya
2023,2,0.6047991071428571,Almatinskaya
2023,3,0.5416854838709677,Almatinskaya
2023,4,0.1597638888888889,Almatinskaya
2023,5,0.05080779569892473,Almatinskaya
2023,6,0.055688888888888885,Almatinskaya
2023,7,0.0640228494623656,Almatinskaya
2023,8,0.08948252688172044,Almatinskaya
2023,9,0.1821375,Almatinskaya
2023,10,0.16548521505376343,Almatinskaya
2023,11,0.2756888888888889,Almatinskaya
2023,12,0.4306236559139785,Almatinskaya
2014,1,0.2113682795698925,Atyrauskaya
2014,2,0.23831398809523807,Atyrauskaya
2014,3,0.14429973118279568,Atyrauskaya
2014,4,0.048036111111111106,Atyrauskaya
2014,5,0.03573521505376344,Atyrauskaya
2014,6,0.033023611111111115,Atyrauskaya
2014,7,0.03131586021505376,Atyrauskaya
2014,8,0.028350806451612903,Atyrauskaya
2014,9,0.03824027777777778,Atyrauskaya
2014,10,0.09641129032258065,Atyrauskaya
2014,11,0.14631388888888888,Atyrauskaya
2014,12,0.15416532258064516,Atyrauskaya
2015,1,0.1991733870967742,Atyrauskaya
2015,2,0.19718005952380951,Atyrauskaya
2015,3,0.18399865591397851,Atyrauskaya
2015,4,0.07470972222222222,Atyrauskaya
2015,5,0.08481451612903226,Atyrauskaya
2015,6,0.03341388888888889,Atyrauskaya
2015,7,0.040251344086021504,Atyrauskaya
2015,8,0.02778763440860215,Atyrauskaya
2015,9,0.03639722222222222,Atyrauskaya
2015,10,0.04633736559139785,Atyrauskaya
2015,11,0.14070555555555556,Atyrauskaya
2015,12,0.19688978494623655,Atyrauskaya
2016,1,0.2306733870967742,Atyrauskaya
2016,2,0.24147988505747126,Atyrauskaya
2016,3,0.21744220430107525,Atyrauskaya
2016,4,0.1348638888888889,Atyrauskaya
2016,5,0.13778091397849462,Atyrauskaya
2016,6,0.04857083333333334,Atyrauskaya
2016,7,0.038495967741935484,Atyrauskaya
2016,8,0.0331008064516129,Atyrauskaya
2016,9,0.06803055555555555,Atyrauskaya
2016,10,0.06138575268817204,Atyrauskaya
2016,11,0.11683750000000001,Atyrauskaya
2016,12,0.21547715053763442,Atyrauskaya
2017,1,0.17963440860215052,Atyrauskaya
2017,2,0.2010357142857143,Atyrauskaya
2017,3,0.17233602150537633,Atyrauskaya
2017,4,0.06797083333333333,Atyrauskaya
2017,5,0.038896505376344086,Atyrauskaya
2017,6,0.03487916666666667,Atyrauskaya
2017,7,0.031133064516129034,Atyrauskaya
2017,8,0.022896505376344085,Atyrauskaya
2017,9,0.011544444444444444,Atyrauskaya
2017,10,0.092877688172043,Atyrauskaya
2017,11,0.13127222222222223,Atyrauskaya
2017,12,0.12951209677419354,Atyrauskaya
2018,1,0.12718010752688172,Atyrauskaya
2018,2,0.12354166666666666,Atyrauskaya
2018,3,0.11086827956989248,Atyrauskaya
2018,4,0.04937777777777778,Atyrauskaya
2018,5,0.02565188172043011,Atyrauskaya
2018,6,0.03365555555555556,Atyrauskaya
2018,7,0.026413978494623656,Atyrauskaya
2018,8,0.029341397849462367,Atyrauskaya
2018,9,0.031218055555555554,Atyrauskaya
2018,10,0.04091263440860215,Atyrauskaya
2018,11,0.041075,Atyrauskaya
2018,12,0.11986827956989247,Atyrauskaya
2019,1,0.1469448924731183,Atyrauskaya
2019,2,0.12066964285714286,Atyrauskaya
2019,3,0.0778736559139785,Atyrauskaya
2019,4,0.07325555555555556,Atyrauskaya
2019,5,0.0523024193548387,Atyrauskaya
2019,6,0.02736111111111111,Atyrauskaya
2019,7,0.04718951612903226,Atyrauskaya
2019,8,0.02769758064516129,Atyrauskaya
2019,9,0.03576111111111111,Atyrauskaya
2019,10,0.04925672043010752,Atyrauskaya
2019,11,0.010591666666666668,Atyrauskaya
2019,12,0.07655645161290323,Atyrauskaya
2020,1,0.1102258064516129,Atyrauskaya
2020,2,0.1008433908045977,Atyrauskaya
2020,3,0.04315591397849462,Atyrauskaya
2020,4,0.05743472222222223,Atyrauskaya
2020,5,0.06589650537634409,Atyrauskaya
2020,6,0.026606944444444443,Atyrauskaya
2020,7,0.023637096774193546,Atyrauskaya
2020,8,0.042690860215053764,Atyrauskaya
2020,9,0.04785,Atyrauskaya
2020,10,0.026258064516129033,Atyrauskaya
2020,11,0.04370277777777778,Atyrauskaya
2020,12,0.058973118279569886,Atyrauskaya
2021,1,0.0876989247311828,Atyrauskaya
2021,2,0.10086160714285713,Atyrauskaya
2021,3,0.1401747311827957,Atyrauskaya
2021,4,0.03697638888888889,Atyrauskaya
2021,5,0.026236559139784947,Atyrauskaya
2021,6,0.03212361111111111,Atyrauskaya
2021,7,0.028096774193548387,Atyrauskaya
2021,8,0.01631720430107527,Atyrauskaya
2021,9,0.0335125,Atyrauskaya
2021,10,0.02826478494623656,Atyrauskaya
2021,11,0.12691805555555555,Atyrauskaya
2021,12,0.17026747311827958,Atyrauskaya
2022,1,0.20276075268817206,Atyrauskaya
2022,2,0.19004910714285714,Atyrauskaya
2022,3,0.19388575268817204,Atyrauskaya
2022,4,0.05784444444444445,Atyrauskaya
2022,5,0.09491666666666666,Atyrauskaya
2022,6,0.0323125,Atyrauskaya
2022,7,0.037413978494623655,Atyrauskaya
2022,8,0.027118279569892472,Atyrauskaya
2022,9,0.04469583333333333,Atyrauskaya
2022,10,0.061314516129032264,Atyrauskaya
2022,11,0.15989583333333332,Atyrauskaya
2022,12,0.12548655913978493,Atyrauskaya
2023,1,0.17652688172043007,Atyrauskaya
2023,2,0.19608333333333333,Atyrauskaya
2023,3,0.108002688172043,Atyrauskaya
2023,4,0.0718375,Atyrauskaya
2023,5,0.03990725806451613,Atyrauskaya
2023,6,0.031115277777777776,Atyrauskaya
2023,7,0.057028225806451616,Atyrauskaya
2023,8,0.033475806451612904,Atyrauskaya
2023,9,0.08826944444444444,Atyrauskaya
2023,10,0.15313709677419354,Atyrauskaya
2023,11,0.1920847222222222,Atyrauskaya
2023,12,0.2098024193548387,Atyrauskaya
2014,1,0.38304569892473117,Karagandinskaya
2014,2,0.37597023809523805,Karagandinskaya
2014,3,0.4361465053763441,Karagandinskaya
2014,4,0.44790555555555556,Karagandinskaya
2014,5,0.3196451612903226,Karagandinskaya
2014,6,0.28729444444444446,Karagandinskaya
2014,7,0.3131061827956989,Karagandinskaya
2014,8,0.2691491935483871,Karagandinskaya
2014,9,0.2847,Karagandinskaya
2014,10,0.4289462365591398,Karagandinskaya
2014,11,0.4381458333333333,Karagandinskaya
2014,12,0.4049879032258064,Karagandinskaya
2015,1,0.39226747311827964,Karagandinskaya
2015,2,0.4184702380952381,Karagandinskaya
2015,3,0.4393185483870968,Karagandinskaya
2015,4,0.4681305555555555,Karagandinskaya
2015,5,0.4095927419354839,Karagandinskaya
2015,6,0.32533055555555557,Karagandinskaya
2015,7,0.26930107526881725,Karagandinskaya
2015,8,0.24853225806451612,Karagandinskaya
2015,9,0.32279027777777775,Karagandinskaya
2015,10,0.36546639784946233,Karagandinskaya
2015,11,0.4232708333333333,Karagandinskaya
2015,12,0.4270779569892473,Karagandinskaya
2016,1,0.4004690860215054,Karagandinskaya
2016,2,0.39510201149425284,Karagandinskaya
2016,3,0.4781008064516129,Karagandinskaya
2016,4,0.41092361111111114,Karagandinskaya
2016,5,0.35206720430107524,Karagandinskaya
2016,6,0.3318361111111111,Karagandinskaya
2016,7,0.3583239247311828,Karagandinskaya
2016,8,0.2927298387096774,Karagandinskaya
2016,9,0.2504736111111111,Karagandinskaya
2016,10,0.3775013440860215,Karagandinskaya
2016,11,0.44931111111111116,Karagandinskaya
2016,12,0.42272715053763443,Karagandinskaya
2017,1,0.3956317204301076,Karagandinskaya
2017,2,0.3771651785714286,Karagandinskaya
2017,3,0.40660215053763443,Karagandinskaya
2017,4,0.4615194444444444,Karagandinskaya
2017,5,0.3304166666666667,Karagandinskaya
2017,6,0.3189263888888889,Karagandinskaya
2017,7,0.2966666666666667,Karagandinskaya
2017,8,0.2855860215053763,Karagandinskaya
2017,9,0.30471805555555553,Karagandinskaya
2017,10,0.36029032258064514,Karagandinskaya
2017,11,0.3699805555555556,Karagandinskaya
2017,12,0.37084677419354833,Karagandinskaya
2018,1,0.3730336021505376,Karagandinskaya
2018,2,0.3572544642857143,Karagandinskaya
2018,3,0.4433655913978494,Karagandinskaya
2018,4,0.44893333333333335,Karagandinskaya
2018,5,0.349383064516129,Karagandinskaya
2018,6,0.31155,Karagandinskaya
2018,7,0.29071639784946235,Karagandinskaya
2018,8,0.321,Karagandinskaya
2018,9,0.35473055555555555,Karagandinskaya
2018,10,0.374125,Karagandinskaya
2018,11,0.41249583333333334,Karagandinskaya
2018,12,0.41574731182795693,Karagandinskaya
2019,1,0.402625,Karagandinskaya
2019,2,0.3947142857142857,Karagandinskaya
2019,3,0.4384852150537634,Karagandinskaya
2019,4,0.4416833333333333,Karagandinskaya
2019,5,0.3386989247311828,Karagandinskaya
2019,6,0.32526805555555555,Karagandinskaya
2019,7,0.26363844086021504,Karagandinskaya
2019,8,0.28586290322580643,Karagandinskaya
2019,9,0.32271388888888886,Karagandinskaya
2019,10,0.35680913978494627,Karagandinskaya
2019,11,0.3834527777777778,Karagandinskaya
2019,12,0.40786962365591395,Karagandinskaya
2020,1,0.3904717741935484,Karagandinskaya
2020,2,0.39435632183908054,Karagandinskaya
2020,3,0.445372311827957,Karagandinskaya
2020,4,0.4003055555555556,Karagandinskaya
2020,5,0.3354475806451613,Karagandinskaya
2020,6,0.2798069444444445,Karagandinskaya
2020,7,0.33066263440860216,Karagandinskaya
2020,8,0.3083494623655914,Karagandinskaya
2020,9,0.30943472222222224,Karagandinskaya
2020,10,0.3315497311827957,Karagandinskaya
2020,11,0.37051111111111107,Karagandinskaya
2020,12,0.36118010752688173,Karagandinskaya
2021,1,0.3570483870967742,Karagandinskaya
2021,2,0.36454910714285715,Karagandinskaya
2021,3,0.41229166666666667,Karagandinskaya
2021,4,0.3956916666666667,Karagandinskaya
2021,5,0.3062741935483871,Karagandinskaya
2021,6,0.2956597222222222,Karagandinskaya
2021,7,0.30735887096774195,Karagandinskaya
2021,8,0.2748293010752688,Karagandinskaya
2021,9,0.28565555555555555,Karagandinskaya
2021,10,0.3665833333333333,Karagandinskaya
2021,11,0.3773430555555556,Karagandinskaya
2021,12,0.39790053763440864,Karagandinskaya
2022,1,0.3986747311827957,Karagandinskaya
2022,2,0.3937485119047619,Karagandinskaya
2022,3,0.4459301075268817,Karagandinskaya
2022,4,0.4304430555555555,Karagandinskaya
2022,5,0.3306545698924731,Karagandinskaya
2022,6,0.26471527777777776,Karagandinskaya
2022,7,0.3070833333333333,Karagandinskaya
2022,8,0.32188844086021506,Karagandinskaya
2022,9,0.26794444444444443,Karagandinskaya
2022,10,0.3020430107526882,Karagandinskaya
2022,11,0.4277444444444444,Karagandinskaya
2022,12,0.4074919354838709,Karagandinskaya
2023,1,0.39673387096774193,Karagandinskaya
2023,2,0.3922678571428571,Karagandinskaya
2023,3,0.4747486559139785,Karagandinskaya
2023,4,0.43918194444444447,Karagandinskaya
2023,5,0.3228965053763441,Karagandinskaya
2023,6,0.29620694444444445,Karagandinskaya
2023,7,0.258497311827957,Karagandinskaya
2023,8,0.3399247311827957,Karagandinskaya
2023,9,0.4177416666666667,Karagandinskaya
2023,10,0.4191438172043011,Karagandinskaya
2023,11,0.4684361111111111,Karagandinskaya
2023,12,0.4513145161290323,Karagandinskaya
2014,1,0.2573911290322581,Kostanayskaya
2014,2,0.24901488095238095,Kostanayskaya
2014,3,0.3240040322580645,Kostanayskaya
2014,4,0.3339097222222222,Kostanayskaya
2014,5,0.2151505376344086,Kostanayskaya
2014,6,0.16946666666666668,Kostanayskaya
2014,7,0.2139059139784946,Kostanayskaya
2014,8,0.18558467741935483,Kostanayskaya
2014,9,0.18648333333333333,Kostanayskaya
2014,10,0.24965994623655915,Kostanayskaya
2014,11,0.2639111111111111,Kostanayskaya
2014,12,0.2576451612903226,Kostanayskaya
2015,1,0.2484731182795699,Kostanayskaya
2015,2,0.2426205357142857,Kostanayskaya
2015,3,0.2738252688172043,Kostanayskaya
2015,4,0.37554305555555556,Kostanayskaya
2015,5,0.3242822580645161,Kostanayskaya
2015,6,0.21732222222222222,Kostanayskaya
2015,7,0.17673790322580646,Kostanayskaya
2015,8,0.16744489247311828,Kostanayskaya
2015,9,0.19595694444444445,Kostanayskaya
2015,10,0.21891666666666665,Kostanayskaya
2015,11,0.2690375,Kostanayskaya
2015,12,0.28213575268817204,Kostanayskaya
2016,1,0.2646008064516129,Kostanayskaya
2016,2,0.2842255747126437,Kostanayskaya
2016,3,0.36670967741935484,Kostanayskaya
2016,4,0.36399583333333335,Kostanayskaya
2016,5,0.25139650537634406,Kostanayskaya
2016,6,0.21087083333333334,Kostanayskaya
2016,7,0.2053991935483871,Kostanayskaya
2016,8,0.14974193548387096,Kostanayskaya
2016,9,0.2331722222222222,Kostanayskaya
2016,10,0.2861182795698925,Kostanayskaya
2016,11,0.3119708333333333,Kostanayskaya
2016,12,0.28468951612903226,Kostanayskaya
2017,1,0.3147983870967742,Kostanayskaya
2017,2,0.31310863095238095,Kostanayskaya
2017,3,0.3198064516129032,Kostanayskaya
2017,4,0.33593055555555557,Kostanayskaya
2017,5,0.21873118279569892,Kostanayskaya
2017,6,0.19091249999999998,Kostanayskaya
2017,7,0.18778360215053766,Kostanayskaya
2017,8,0.18703629032258065,Kostanayskaya
2017,9,0.19187083333333332,Kostanayskaya
2017,10,0.25131989247311826,Kostanayskaya
2017,11,0.30016805555555554,Kostanayskaya
2017,12,0.27938978494623656,Kostanayskaya
2018,1,0.3174193548387097,Kostanayskaya
2018,2,0.31839285714285714,Kostanayskaya
2018,3,0.3051935483870968,Kostanayskaya
2018,4,0.31959305555555556,Kostanayskaya
2018,5,0.2288736559139785,Kostanayskaya
2018,6,0.17446944444444443,Kostanayskaya
2018,7,0.17112096774193547,Kostanayskaya
2018,8,0.21767069892473118,Kostanayskaya
2018,9,0.2231986111111111,Kostanayskaya
2018,10,0.22606048387096772,Kostanayskaya
2018,11,0.25830277777777777,Kostanayskaya
2018,12,0.2645524193548387,Kostanayskaya
2019,1,0.263127688172043,Kostanayskaya
2019,2,0.26271428571428573,Kostanayskaya
2019,3,0.31573521505376345,Kostanayskaya
2019,4,0.3034763888888889,Kostanayskaya
2019,5,0.19933736559139784,Kostanayskaya
2019,6,0.1681013888888889,Kostanayskaya
2019,7,0.1691411290322581,Kostanayskaya
2019,8,0.184122311827957,Kostanayskaya
2019,9,0.24020416666666666,Kostanayskaya
2019,10,0.2203561827956989,Kostanayskaya
2019,11,0.2790388888888889,Kostanayskaya
2019,12,0.2811948924731183,Kostanayskaya
2020,1,0.33034543010752687,Kostanayskaya
2020,2,0.3134698275862069,Kostanayskaya
2020,3,0.3858965053763441,Kostanayskaya
2020,4,0.2975347222222222,Kostanayskaya
2020,5,0.24003494623655916,Kostanayskaya
2020,6,0.17057777777777777,Kostanayskaya
2020,7,0.19208602150537635,Kostanayskaya
2020,8,0.2352486559139785,Kostanayskaya
2020,9,0.22095833333333334,Kostanayskaya
2020,10,0.22335349462365592,Kostanayskaya
2020,11,0.2930125,Kostanayskaya
2020,12,0.289,Kostanayskaya
2021,1,0.289,Kostanayskaya
2021,2,0.289,Kostanayskaya
2021,3,0.289,Kostanayskaya
2021,4,0.32829861111111114,Kostanayskaya
2021,5,0.20056720430107527,Kostanayskaya
2021,6,0.15161527777777778,Kostanayskaya
2021,7,0.19932795698924732,Kostanayskaya
2021,8,0.15408736559139785,Kostanayskaya
2021,9,0.21315555555555557,Kostanayskaya
2021,10,0.23091263440860216,Kostanayskaya
2021,11,0.2769583333333333,Kostanayskaya
2021,12,0.3458575268817204,Kostanayskaya
2022,1,0.40040456989247314,Kostanayskaya
2022,2,0.404,Kostanayskaya
2022,3,0.404,Kostanayskaya
2022,4,0.3387861111111111,Kostanayskaya
2022,5,0.24081720430107528,Kostanayskaya
2022,6,0.21651944444444446,Kostanayskaya
2022,7,0.19165860215053762,Kostanayskaya
2022,8,0.17916263440860214,Kostanayskaya
2022,9,0.1888763888888889,Kostanayskaya
2022,10,0.21898655913978493,Kostanayskaya
2022,11,0.32198472222222224,Kostanayskaya
2022,12,0.312,Kostanayskaya
2023,1,0.3120295698924731,Kostanayskaya
2023,2,0.312,Kostanayskaya
2023,3,0.32729838709677417,Kostanayskaya
2023,4,0.3200708333333333,Kostanayskaya
2023,5,0.2514704301075269,Kostanayskaya
2023,6,0.18929444444444446,Kostanayskaya
2023,7,0.22171370967741938,Kostanayskaya
2023,8,0.21966532258064517,Kostanayskaya
2023,9,0.3385152777777778,Kostanayskaya
2023,10,0.32761290322580644,Kostanayskaya
2023,11,0.368625,Kostanayskaya
2023,12,0.39211155913978496,Kostanayskaya
2014,1,0.45317204301075265,Kyzylordinskaya
2014,2,0.5043273809523809,Kyzylordinskaya
2014,3,0.5121680107526881,Kyzylordinskaya
2014,4,0.4281319444444444,Kyzylordinskaya
2014,5,0.26390456989247313,Kyzylordinskaya
2014,6,0.24444166666666664,Kyzylordinskaya
2014,7,0.22765188172043013,Kyzylordinskaya
2014,8,0.22878897849462365,Kyzylordinskaya
2014,9,0.23322916666666668,Kyzylordinskaya
2014,10,0.33790860215053764,Kyzylordinskaya
2014,11,0.42210138888888893,Kyzylordinskaya
2014,12,0.4154301075268817,Kyzylordinskaya
2015,1,0.4441438172043011,Kyzylordinskaya
2015,2,0.4712053571428571,Kyzylordinskaya
2015,3,0.47371236559139784,Kyzylordinskaya
2015,4,0.43269583333333334,Kyzylordinskaya
2015,5,0.3428588709677419,Kyzylordinskaya
2015,6,0.2622625,Kyzylordinskaya
2015,7,0.22766397849462366,Kyzylordinskaya
2015,8,0.2301747311827957,Kyzylordinskaya
2015,9,0.23459166666666667,Kyzylordinskaya
2015,10,0.25286021505376344,Kyzylordinskaya
2015,11,0.4409958333333333,Kyzylordinskaya
2015,12,0.48844623655913977,Kyzylordinskaya
2016,1,0.549135752688172,Kyzylordinskaya
2016,2,0.5125344827586207,Kyzylordinskaya
2016,3,0.43611827956989246,Kyzylordinskaya
2016,4,0.41152916666666667,Kyzylordinskaya
2016,5,0.34752956989247313,Kyzylordinskaya
2016,6,0.2467541666666667,Kyzylordinskaya
2016,7,0.2323024193548387,Kyzylordinskaya
2016,8,0.22779032258064516,Kyzylordinskaya
2016,9,0.25538472222222225,Kyzylordinskaya
2016,10,0.3605819892473119,Kyzylordinskaya
2016,11,0.4546777777777778,Kyzylordinskaya
2016,12,0.45803225806451614,Kyzylordinskaya
2017,1,0.4327916666666667,Kyzylordinskaya
2017,2,0.47538541666666667,Kyzylordinskaya
2017,3,0.4688346774193548,Kyzylordinskaya
2017,4,0.3992375,Kyzylordinskaya
2017,5,0.32415188172043014,Kyzylordinskaya
2017,6,0.2682527777777778,Kyzylordinskaya
2017,7,0.25258602150537635,Kyzylordinskaya
2017,8,0.25511559139784945,Kyzylordinskaya
2017,9,0.25858194444444443,Kyzylordinskaya
2017,10,0.32774327956989247,Kyzylordinskaya
2017,11,0.3632916666666667,Kyzylordinskaya
2017,12,0.44041397849462366,Kyzylordinskaya
2018,1,0.5024408602150537,Kyzylordinskaya
2018,2,0.5206056547619047,Kyzylordinskaya
2018,3,0.5268534946236559,Kyzylordinskaya
2018,4,0.41553888888888885,Kyzylordinskaya
2018,5,0.30098790322580643,Kyzylordinskaya
2018,6,0.2615388888888889,Kyzylordinskaya
2018,7,0.24955376344086022,Kyzylordinskaya
2018,8,0.2621532258064516,Kyzylordinskaya
2018,9,0.2702930555555556,Kyzylordinskaya
2018,10,0.2924690860215054,Kyzylordinskaya
2018,11,0.2686625,Kyzylordinskaya
2018,12,0.2905940860215054,Kyzylordinskaya
2019,1,0.3713938172043011,Kyzylordinskaya
2019,2,0.48008630952380954,Kyzylordinskaya
2019,3,0.43331451612903227,Kyzylordinskaya
2019,4,0.4042291666666667,Kyzylordinskaya
2019,5,0.2973064516129032,Kyzylordinskaya
2019,6,0.2498486111111111,Kyzylordinskaya
2019,7,0.24420967741935484,Kyzylordinskaya
2019,8,0.23990994623655915,Kyzylordinskaya
2019,9,0.2451736111111111,Kyzylordinskaya
2019,10,0.2879596774193548,Kyzylordinskaya
2019,11,0.2755361111111111,Kyzylordinskaya
2019,12,0.4063951612903226,Kyzylordinskaya
2020,1,0.44942607526881717,Kyzylordinskaya
2020,2,0.4738405172413793,Kyzylordinskaya
2020,3,0.36055913978494625,Kyzylordinskaya
2020,4,0.3277513888888889,Kyzylordinskaya
2020,5,0.33751747311827957,Kyzylordinskaya
2020,6,0.2554625,Kyzylordinskaya
2020,7,0.2483481182795699,Kyzylordinskaya
2020,8,0.2410766129032258,Kyzylordinskaya
2020,9,0.24284722222222221,Kyzylordinskaya
2020,10,0.2725631720430108,Kyzylordinskaya
2020,11,0.22055833333333333,Kyzylordinskaya
2020,12,0.227,Kyzylordinskaya
2021,1,0.23299193548387098,Kyzylordinskaya
2021,2,0.38869791666666664,Kyzylordinskaya
2021,3,0.48122311827956993,Kyzylordinskaya
2021,4,0.3603055555555556,Kyzylordinskaya
2021,5,0.2383454301075269,Kyzylordinskaya
2021,6,0.21967638888888888,Kyzylordinskaya
2021,7,0.23102150537634408,Kyzylordinskaya
2021,8,0.22639112903225805,Kyzylordinskaya
2021,9,0.22946388888888888,Kyzylordinskaya
2021,10,0.2421263440860215,Kyzylordinskaya
2021,11,0.2729361111111111,Kyzylordinskaya
2021,12,0.4323319892473118,Kyzylordinskaya
2022,1,0.46841397849462363,Kyzylordinskaya
2022,2,0.5026770833333333,Kyzylordinskaya
2022,3,0.46934946236559144,Kyzylordinskaya
2022,4,0.32558750000000003,Kyzylordinskaya
2022,5,0.2882137096774194,Kyzylordinskaya
2022,6,0.25268333333333337,Kyzylordinskaya
2022,7,0.23568548387096774,Kyzylordinskaya
2022,8,0.24849462365591396,Kyzylordinskaya
2022,9,0.24191527777777777,Kyzylordinskaya
2022,10,0.2714018817204301,Kyzylordinskaya
2022,11,0.4205541666666666,Kyzylordinskaya
2022,12,0.41560618279569894,Kyzylordinskaya
2023,1,0.467866935483871,Kyzylordinskaya
2023,2,0.5451755952380952,Kyzylordinskaya
2023,3,0.4297809139784946,Kyzylordinskaya
2023,4,0.29668194444444446,Kyzylordinskaya
2023,5,0.28425,Kyzylordinskaya
2023,6,0.2492916666666667,Kyzylordinskaya
2023,7,0.23986155913978494,Kyzylordinskaya
2023,8,0.2535188172043011,Kyzylordinskaya
2023,9,0.2630722222222222,Kyzylordinskaya
2023,10,0.3286908602150537,Kyzylordinskaya
2023,11,0.3340638888888889,Kyzylordinskaya
2023,12,0.3208655913978494,Kyzylordinskaya
2014,1,0.20210887096774194,Mangistauskaya
2014,2,0.2089642857142857,Mangistauskaya
2014,3,0.06831451612903226,Mangistauskaya
2014,4,0.03814583333333333,Mangistauskaya
2014,5,0.02629704301075269,Mangistauskaya
2014,6,0.030225000000000002,Mangistauskaya
2014,7,0.026836021505376347,Mangistauskaya
2014,8,0.01663037634408602,Mangistauskaya
2014,9,0.02867916666666667,Mangistauskaya
2014,10,0.04669086021505376,Mangistauskaya
2014,11,0.16850277777777778,Mangistauskaya
2014,12,0.19086290322580646,Mangistauskaya
2015,1,0.17382392473118277,Mangistauskaya
2015,2,0.17386160714285714,Mangistauskaya
2015,3,0.062014784946236565,Mangistauskaya
2015,4,0.13424305555555555,Mangistauskaya
2015,5,0.08442338709677419,Mangistauskaya
2015,6,0.035569444444444445,Mangistauskaya
2015,7,0.025305107526881723,Mangistauskaya
2015,8,0.02299193548387097,Mangistauskaya
2015,9,0.024275,Mangistauskaya
2015,10,0.061798387096774196,Mangistauskaya
2015,11,0.15619583333333334,Mangistauskaya
2015,12,0.2780981182795699,Mangistauskaya
2016,1,0.2914112903225807,Mangistauskaya
2016,2,0.2474109195402299,Mangistauskaya
2016,3,0.274505376344086,Mangistauskaya
2016,4,0.2535222222222222,Mangistauskaya
2016,5,0.1473185483870968,Mangistauskaya
2016,6,0.04236527777777778,Mangistauskaya
2016,7,0.03967741935483871,Mangistauskaya
2016,8,0.024043010752688176,Mangistauskaya
2016,9,0.043706944444444444,Mangistauskaya
2016,10,0.031836021505376344,Mangistauskaya
2016,11,0.12090000000000001,Mangistauskaya
2016,12,0.25298790322580644,Mangistauskaya
2017,1,0.1981290322580645,Mangistauskaya
2017,2,0.14932589285714287,Mangistauskaya
2017,3,0.08317876344086021,Mangistauskaya
2017,4,0.032094444444444446,Mangistauskaya
2017,5,0.05613709677419355,Mangistauskaya
2017,6,0.030708333333333334,Mangistauskaya
2017,7,0.023661290322580644,Mangistauskaya
2017,8,0.019571236559139785,Mangistauskaya
2017,9,0.02362222222222222,Mangistauskaya
2017,10,0.08038978494623657,Mangistauskaya
2017,11,0.04804722222222223,Mangistauskaya
2017,12,0.09259408602150537,Mangistauskaya
2018,1,0.22155913978494624,Mangistauskaya
2018,2,0.15786458333333334,Mangistauskaya
2018,3,0.10251747311827956,Mangistauskaya
2018,4,0.023738888888888886,Mangistauskaya
2018,5,0.02408198924731183,Mangistauskaya
2018,6,0.022111111111111113,Mangistauskaya
2018,7,0.04191263440860215,Mangistauskaya
2018,8,0.028448924731182795,Mangistauskaya
2018,9,0.0198375,Mangistauskaya
2018,10,0.023176075268817202,Mangistauskaya
2018,11,0.07153194444444444,Mangistauskaya
2018,12,0.15813709677419355,Mangistauskaya
2019,1,0.18883333333333333,Mangistauskaya
2019,2,0.1577529761904762,Mangistauskaya
2019,3,0.09134139784946237,Mangistauskaya
2019,4,0.1447152777777778,Mangistauskaya
2019,5,0.04176612903225806,Mangistauskaya
2019,6,0.023040277777777778,Mangistauskaya
2019,7,0.03236290322580645,Mangistauskaya
2019,8,0.023819892473118283,Mangistauskaya
2019,9,0.04064583333333333,Mangistauskaya
2019,10,0.02620833333333333,Mangistauskaya
2019,11,0.12076527777777776,Mangistauskaya
2019,12,0.060221774193548384,Mangistauskaya
2020,1,0.06548655913978495,Mangistauskaya
2020,2,0.07554454022988506,Mangistauskaya
2020,3,0.044946236559139784,Mangistauskaya
2020,4,0.08005833333333334,Mangistauskaya
2020,5,0.04679032258064516,Mangistauskaya
2020,6,0.014251388888888888,Mangistauskaya
2020,7,0.011260752688172043,Mangistauskaya
2020,8,0.028158602150537632,Mangistauskaya
2020,9,0.024669444444444445,Mangistauskaya
2020,10,0.023294354838709678,Mangistauskaya
2020,11,0.04743055555555555,Mangistauskaya
2020,12,0.055028225806451614,Mangistauskaya
2021,1,0.09659005376344086,Mangistauskaya
2021,2,0.0861592261904762,Mangistauskaya
2021,3,0.1107486559139785,Mangistauskaya
2021,4,0.024375,Mangistauskaya
2021,5,0.026673387096774193,Mangistauskaya
2021,6,0.02214027777777778,Mangistauskaya
2021,7,0.005923387096774193,Mangistauskaya
2021,8,0.013314516129032259,Mangistauskaya
2021,9,0.024462499999999998,Mangistauskaya
2021,10,0.015926075268817206,Mangistauskaya
2021,11,0.04364166666666667,Mangistauskaya
2021,12,0.06996370967741936,Mangistauskaya
2022,1,0.16186021505376344,Mangistauskaya
2022,2,0.07123214285714285,Mangistauskaya
2022,3,0.08482930107526881,Mangistauskaya
2022,4,0.03155,Mangistauskaya
2022,5,0.08679301075268817,Mangistauskaya
2022,6,0.022475,Mangistauskaya
2022,7,0.03952688172043011,Mangistauskaya
2022,8,0.018864247311827956,Mangistauskaya
2022,9,0.016620833333333335,Mangistauskaya
2022,10,0.02557258064516129,Mangistauskaya
2022,11,0.17528472222222222,Mangistauskaya
2022,12,0.10697849462365591,Mangistauskaya
2023,1,0.2192271505376344,Mangistauskaya
2023,2,0.1617455357142857,Mangistauskaya
2023,3,0.03093010752688172,Mangistauskaya
2023,4,0.08400555555555556,Mangistauskaya
2023,5,0.07646774193548388,Mangistauskaya
2023,6,0.023730555555555553,Mangistauskaya
2023,7,0.024395161290322577,Mangistauskaya
2023,8,0.01789784946236559,Mangistauskaya
2023,9,0.03650138888888889,Mangistauskaya
2023,10,0.12998521505376345,Mangistauskaya
2023,11,0.10390972222222222,Mangistauskaya
2023,12,0.20849327956989247,Mangistauskaya
2014,1,0.27088172043010755,Pavlodarskaya
2014,2,0.2688020833333334,Pavlodarskaya
2014,3,0.3333077956989247,Pavlodarskaya
2014,4,0.27886527777777775,Pavlodarskaya
2014,5,0.1720739247311828,Pavlodarskaya
2014,6,0.17933472222222224,Pavlodarskaya
2014,7,0.21888709677419355,Pavlodarskaya
2014,8,0.22134005376344085,Pavlodarskaya
2014,9,0.24137499999999998,Pavlodarskaya
2014,10,0.27975940860215054,Pavlodarskaya
2014,11,0.3016013888888889,Pavlodarskaya
2014,12,0.27243279569892476,Pavlodarskaya
2015,1,0.25851075268817203,Pavlodarskaya
2015,2,0.25336309523809525,Pavlodarskaya
2015,3,0.3148682795698925,Pavlodarskaya
2015,4,0.33312222222222226,Pavlodarskaya
2015,5,0.21661827956989246,Pavlodarskaya
2015,6,0.2184888888888889,Pavlodarskaya
2015,7,0.2111747311827957,Pavlodarskaya
2015,8,0.2008763440860215,Pavlodarskaya
2015,9,0.2123972222222222,Pavlodarskaya
2015,10,0.24976747311827957,Pavlodarskaya
2015,11,0.2885069444444444,Pavlodarskaya
2015,12,0.3393844086021506,Pavlodarskaya
2016,1,0.3620255376344086,Pavlodarskaya
2016,2,0.38028879310344826,Pavlodarskaya
2016,3,0.3535215053763441,Pavlodarskaya
2016,4,0.26154444444444447,Pavlodarskaya
2016,5,0.17606586021505374,Pavlodarskaya
2016,6,0.21273055555555556,Pavlodarskaya
2016,7,0.27518145161290325,Pavlodarskaya
2016,8,0.21057930107526882,Pavlodarskaya
2016,9,0.17514305555555554,Pavlodarskaya
2016,10,0.28434005376344085,Pavlodarskaya
2016,11,0.3034513888888889,Pavlodarskaya
2016,12,0.30286962365591397,Pavlodarskaya
2017,1,0.2801411290322581,Pavlodarskaya
2017,2,0.2731800595238096,Pavlodarskaya
2017,3,0.290005376344086,Pavlodarskaya
2017,4,0.3394236111111111,Pavlodarskaya
2017,5,0.24003091397849463,Pavlodarskaya
2017,6,0.2115,Pavlodarskaya
2017,7,0.22479032258064516,Pavlodarskaya
2017,8,0.197258064516129,Pavlodarskaya
2017,9,0.2205486111111111,Pavlodarskaya
2017,10,0.24271639784946236,Pavlodarskaya
2017,11,0.2917277777777778,Pavlodarskaya
2017,12,0.30259946236559143,Pavlodarskaya
2018,1,0.41654838709677416,Pavlodarskaya
2018,2,0.42573214285714284,Pavlodarskaya
2018,3,0.41682258064516126,Pavlodarskaya
2018,4,0.336375,Pavlodarskaya
2018,5,0.3094462365591398,Pavlodarskaya
2018,6,0.24455972222222222,Pavlodarskaya
2018,7,0.22179301075268817,Pavlodarskaya
2018,8,0.22305376344086023,Pavlodarskaya
2018,9,0.25969722222222225,Pavlodarskaya
2018,10,0.24061693548387098,Pavlodarskaya
2018,11,0.25598888888888893,Pavlodarskaya
2018,12,0.3271935483870968,Pavlodarskaya
2019,1,0.3244758064516129,Pavlodarskaya
2019,2,0.3284464285714286,Pavlodarskaya
2019,3,0.3399005376344086,Pavlodarskaya
2019,4,0.26647916666666666,Pavlodarskaya
2019,5,0.1889502688172043,Pavlodarskaya
2019,6,0.2419222222222222,Pavlodarskaya
2019,7,0.20683064516129032,Pavlodarskaya
2019,8,0.16843951612903227,Pavlodarskaya
2019,9,0.21259583333333332,Pavlodarskaya
2019,10,0.2117741935483871,Pavlodarskaya
2019,11,0.25172916666666667,Pavlodarskaya
2019,12,0.29840994623655914,Pavlodarskaya
2020,1,0.29980779569892474,Pavlodarskaya
2020,2,0.3585359195402299,Pavlodarskaya
2020,3,0.376880376344086,Pavlodarskaya
2020,4,0.2564986111111111,Pavlodarskaya
2020,5,0.1792567204301075,Pavlodarskaya
2020,6,0.15876805555555557,Pavlodarskaya
2020,7,0.21545967741935482,Pavlodarskaya
2020,8,0.18821639784946234,Pavlodarskaya
2020,9,0.22416944444444442,Pavlodarskaya
2020,10,0.24462096774193548,Pavlodarskaya
2020,11,0.27164861111111116,Pavlodarskaya
2020,12,0.25710483870967743,Pavlodarskaya
2021,1,0.2553991935483871,Pavlodarskaya
2021,2,0.2628988095238095,Pavlodarskaya
2021,3,0.2975981182795699,Pavlodarskaya
2021,4,0.2892208333333333,Pavlodarskaya
2021,5,0.1618454301075269,Pavlodarskaya
2021,6,0.1964888888888889,Pavlodarskaya
2021,7,0.22601747311827958,Pavlodarskaya
2021,8,0.23074193548387095,Pavlodarskaya
2021,9,0.24041944444444446,Pavlodarskaya
2021,10,0.24385080645161292,Pavlodarskaya
2021,11,0.2528583333333333,Pavlodarskaya
2021,12,0.28441263440860215,Pavlodarskaya
2022,1,0.31514112903225805,Pavlodarskaya
2022,2,0.33889732142857143,Pavlodarskaya
2022,3,0.41194758064516124,Pavlodarskaya
2022,4,0.2716291666666667,Pavlodarskaya
2022,5,0.17736559139784946,Pavlodarskaya
2022,6,0.2129666666666667,Pavlodarskaya
2022,7,0.19789381720430108,Pavlodarskaya
2022,8,0.28466397849462366,Pavlodarskaya
2022,9,0.186075,Pavlodarskaya
2022,10,0.18583467741935483,Pavlodarskaya
2022,11,0.2520277777777778,Pavlodarskaya
2022,12,0.258,Pavlodarskaya
2023,1,0.3097150537634409,Pavlodarskaya
2023,2,0.326,Pavlodarskaya
2023,3,0.308752688172043,Pavlodarskaya
2023,4,0.19861666666666666,Pavlodarskaya
2023,5,0.17623387096774193,Pavlodarskaya
2023,6,0.1614513888888889,Pavlodarskaya
2023,7,0.16579032258064516,Pavlodarskaya
2023,8,0.24688172043010753,Pavlodarskaya
2023,9,0.28765555555555555,Pavlodarskaya
2023,10,0.25585618279569894,Pavlodarskaya
2023,11,0.32859166666666667,Pavlodarskaya
2023,12,0.37278225806451615,Pavlodarskaya
2014,1,0.42029032258064514,Severo-Kazakhstanskaya
2014,2,0.41488392857142853,Severo-Kazakhstanskaya
2014,3,0.45160887096774194,Severo-Kazakhstanskaya
2014,4,0.4405541666666667,Severo-Kazakhstanskaya
2014,5,0.32635752688172043,Severo-Kazakhstanskaya
2014,6,0.29993333333333333,Severo-Kazakhstanskaya
2014,7,0.41861424731182795,Severo-Kazakhstanskaya
2014,8,0.3262352150537634,Severo-Kazakhstanskaya
2014,9,0.34522777777777774,Severo-Kazakhstanskaya
2014,10,0.4213709677419355,Severo-Kazakhstanskaya
2014,11,0.4296375,Severo-Kazakhstanskaya
2014,12,0.40566532258064514,Severo-Kazakhstanskaya
2015,1,0.3937768817204301,Severo-Kazakhstanskaya
2015,2,0.38832738095238095,Severo-Kazakhstanskaya
2015,3,0.4143884408602151,Severo-Kazakhstanskaya
2015,4,0.4674875,Severo-Kazakhstanskaya
2015,5,0.3900120967741935,Severo-Kazakhstanskaya
2015,6,0.30617916666666667,Severo-Kazakhstanskaya
2015,7,0.3702123655913978,Severo-Kazakhstanskaya
2015,8,0.3399610215053763,Severo-Kazakhstanskaya
2015,9,0.40735972222222216,Severo-Kazakhstanskaya
2015,10,0.43965591397849463,Severo-Kazakhstanskaya
2015,11,0.4507097222222223,Severo-Kazakhstanskaya
2015,12,0.4362069892473118,Severo-Kazakhstanskaya
2016,1,0.41668548387096777,Severo-Kazakhstanskaya
2016,2,0.43060919540229886,Severo-Kazakhstanskaya
2016,3,0.44922849462365594,Severo-Kazakhstanskaya
2016,4,0.4573402777777778,Severo-Kazakhstanskaya
2016,5,0.3179059139784946,Severo-Kazakhstanskaya
2016,6,0.35210833333333336,Severo-Kazakhstanskaya
2016,7,0.4373548387096774,Severo-Kazakhstanskaya
2016,8,0.3276102150537634,Severo-Kazakhstanskaya
2016,9,0.38283472222222226,Severo-Kazakhstanskaya
2016,10,0.4084018817204301,Severo-Kazakhstanskaya
2016,11,0.4197652777777778,Severo-Kazakhstanskaya
2016,12,0.4071733870967742,Severo-Kazakhstanskaya
2017,1,0.4090658602150537,Severo-Kazakhstanskaya
2017,2,0.42509821428571426,Severo-Kazakhstanskaya
2017,3,0.4656747311827957,Severo-Kazakhstanskaya
2017,4,0.4499847222222222,Severo-Kazakhstanskaya
2017,5,0.3383185483870968,Severo-Kazakhstanskaya
2017,6,0.34950555555555557,Severo-Kazakhstanskaya
2017,7,0.3658266129032258,Severo-Kazakhstanskaya
2017,8,0.29055107526881724,Severo-Kazakhstanskaya
2017,9,0.31231805555555553,Severo-Kazakhstanskaya
2017,10,0.3672150537634409,Severo-Kazakhstanskaya
2017,11,0.39969583333333336,Severo-Kazakhstanskaya
2017,12,0.3731209677419354,Severo-Kazakhstanskaya
2018,1,0.3936935483870968,Severo-Kazakhstanskaya
2018,2,0.3959553571428571,Severo-Kazakhstanskaya
2018,3,0.4120188172043011,Severo-Kazakhstanskaya
2018,4,0.4479027777777778,Severo-Kazakhstanskaya
2018,5,0.382633064516129,Severo-Kazakhstanskaya
2018,6,0.3519111111111111,Severo-Kazakhstanskaya
2018,7,0.3614341397849462,Severo-Kazakhstanskaya
2018,8,0.4092016129032258,Severo-Kazakhstanskaya
2018,9,0.3909486111111111,Severo-Kazakhstanskaya
2018,10,0.34559274193548384,Severo-Kazakhstanskaya
2018,11,0.3853125,Severo-Kazakhstanskaya
2018,12,0.3794677419354839,Severo-Kazakhstanskaya
2019,1,0.386516129032258,Severo-Kazakhstanskaya
2019,2,0.38635714285714284,Severo-Kazakhstanskaya
2019,3,0.45933602150537634,Severo-Kazakhstanskaya
2019,4,0.4113833333333334,Severo-Kazakhstanskaya
2019,5,0.30715860215053764,Severo-Kazakhstanskaya
2019,6,0.36972083333333333,Severo-Kazakhstanskaya
2019,7,0.32974327956989247,Severo-Kazakhstanskaya
2019,8,0.3355793010752688,Severo-Kazakhstanskaya
2019,9,0.4262805555555556,Severo-Kazakhstanskaya
2019,10,0.3993548387096774,Severo-Kazakhstanskaya
2019,11,0.4186069444444444,Severo-Kazakhstanskaya
2019,12,0.4208924731182796,Severo-Kazakhstanskaya
2020,1,0.44447043010752685,Severo-Kazakhstanskaya
2020,2,0.4849396551724138,Severo-Kazakhstanskaya
2020,3,0.47640994623655913,Severo-Kazakhstanskaya
2020,4,0.39710277777777775,Severo-Kazakhstanskaya
2020,5,0.31106720430107526,Severo-Kazakhstanskaya
2020,6,0.30933472222222225,Severo-Kazakhstanskaya
2020,7,0.33690456989247314,Severo-Kazakhstanskaya
2020,8,0.3311397849462365,Severo-Kazakhstanskaya
2020,9,0.3311013888888889,Severo-Kazakhstanskaya
2020,10,0.3401854838709677,Severo-Kazakhstanskaya
2020,11,0.397625,Severo-Kazakhstanskaya
2020,12,0.392,Severo-Kazakhstanskaya
2021,1,0.392,Severo-Kazakhstanskaya
2021,2,0.4409702380952381,Severo-Kazakhstanskaya
2021,3,0.4542768817204301,Severo-Kazakhstanskaya
2021,4,0.44557500000000005,Severo-Kazakhstanskaya
2021,5,0.29429704301075266,Severo-Kazakhstanskaya
2021,6,0.29281111111111113,Severo-Kazakhstanskaya
2021,7,0.34330645161290324,Severo-Kazakhstanskaya
2021,8,0.3050766129032258,Severo-Kazakhstanskaya
2021,9,0.3350222222222222,Severo-Kazakhstanskaya
2021,10,0.3214717741935484,Severo-Kazakhstanskaya
2021,11,0.3690333333333333,Severo-Kazakhstanskaya
2021,12,0.3785806451612903,Severo-Kazakhstanskaya
2022,1,0.4196344086021505,Severo-Kazakhstanskaya
2022,2,0.4352470238095238,Severo-Kazakhstanskaya
2022,3,0.5061397849462366,Severo-Kazakhstanskaya
2022,4,0.38230694444444446,Severo-Kazakhstanskaya
2022,5,0.28588844086021503,Severo-Kazakhstanskaya
2022,6,0.3362875,Severo-Kazakhstanskaya
2022,7,0.3623427419354839,Severo-Kazakhstanskaya
2022,8,0.3197674731182796,Severo-Kazakhstanskaya
2022,9,0.33100694444444445,Severo-Kazakhstanskaya
2022,10,0.33076209677419355,Severo-Kazakhstanskaya
2022,11,0.41588194444444443,Severo-Kazakhstanskaya
2022,12,0.415,Severo-Kazakhstanskaya
2023,1,0.4149919354838709,Severo-Kazakhstanskaya
2023,2,0.43686904761904755,Severo-Kazakhstanskaya
2023,3,0.5061908602150538,Severo-Kazakhstanskaya
2023,4,0.36274166666666663,Severo-Kazakhstanskaya
2023,5,0.2802903225806452,Severo-Kazakhstanskaya
2023,6,0.32940694444444446,Severo-Kazakhstanskaya
2023,7,0.32197043010752685,Severo-Kazakhstanskaya
2023,8,0.33377016129032255,Severo-Kazakhstanskaya
2023,9,0.4254611111111111,Severo-Kazakhstanskaya
2023,10,0.39480107526881725,Severo-Kazakhstanskaya
2023,11,0.4657875,Severo-Kazakhstanskaya
2023,12,0.4682432795698925,Severo-Kazakhstanskaya
2014,1,0.26677956989247315,Vostochno-Kazakhstanskaya
2014,2,0.26474404761904763,Vostochno-Kazakhstanskaya
2014,3,0.3194126344086021,Vostochno-Kazakhstanskaya
2014,4,0.3179472222222222,Vostochno-Kazakhstanskaya
2014,5,0.18163037634408605,Vostochno-Kazakhstanskaya
2014,6,0.17982638888888888,Vostochno-Kazakhstanskaya
2014,7,0.17708198924731183,Vostochno-Kazakhstanskaya
2014,8,0.16753763440860214,Vostochno-Kazakhstanskaya
2014,9,0.15541805555555555,Vostochno-Kazakhstanskaya
2014,10,0.32141935483870965,Vostochno-Kazakhstanskaya
2014,11,0.3080361111111111,Vostochno-Kazakhstanskaya
2014,12,0.27772983870967743,Vostochno-Kazakhstanskaya
2015,1,0.26546102150537637,Vostochno-Kazakhstanskaya
2015,2,0.2690476190476191,Vostochno-Kazakhstanskaya
2015,3,0.3020510752688172,Vostochno-Kazakhstanskaya
2015,4,0.36944722222222226,Vostochno-Kazakhstanskaya
2015,5,0.2579327956989247,Vostochno-Kazakhstanskaya
2015,6,0.16976805555555557,Vostochno-Kazakhstanskaya
2015,7,0.1694005376344086,Vostochno-Kazakhstanskaya
2015,8,0.1735282258064516,Vostochno-Kazakhstanskaya
2015,9,0.21372916666666666,Vostochno-Kazakhstanskaya
2015,10,0.2513978494623656,Vostochno-Kazakhstanskaya
2015,11,0.29181666666666667,Vostochno-Kazakhstanskaya
2015,12,0.2618427419354839,Vostochno-Kazakhstanskaya
2016,1,0.24628360215053763,Vostochno-Kazakhstanskaya
2016,2,0.23770258620689655,Vostochno-Kazakhstanskaya
2016,3,0.3187163978494624,Vostochno-Kazakhstanskaya
2016,4,0.34072916666666664,Vostochno-Kazakhstanskaya
2016,5,0.22793413978494623,Vostochno-Kazakhstanskaya
2016,6,0.18763194444444445,Vostochno-Kazakhstanskaya
2016,7,0.2434260752688172,Vostochno-Kazakhstanskaya
2016,8,0.1718481182795699,Vostochno-Kazakhstanskaya
2016,9,0.17275833333333332,Vostochno-Kazakhstanskaya
2016,10,0.25221639784946237,Vostochno-Kazakhstanskaya
2016,11,0.2871402777777778,Vostochno-Kazakhstanskaya
2016,12,0.25665860215053765,Vostochno-Kazakhstanskaya
2017,1,0.2682513440860215,Vostochno-Kazakhstanskaya
2017,2,0.2733690476190476,Vostochno-Kazakhstanskaya
2017,3,0.298744623655914,Vostochno-Kazakhstanskaya
2017,4,0.35436666666666666,Vostochno-Kazakhstanskaya
2017,5,0.20804166666666665,Vostochno-Kazakhstanskaya
2017,6,0.17600277777777776,Vostochno-Kazakhstanskaya
2017,7,0.18630779569892472,Vostochno-Kazakhstanskaya
2017,8,0.16932795698924732,Vostochno-Kazakhstanskaya
2017,9,0.21773888888888887,Vostochno-Kazakhstanskaya
2017,10,0.2509704301075269,Vostochno-Kazakhstanskaya
2017,11,0.26248611111111114,Vostochno-Kazakhstanskaya
2017,12,0.24696639784946237,Vostochno-Kazakhstanskaya
2018,1,0.25416129032258067,Vostochno-Kazakhstanskaya
2018,2,0.25182142857142853,Vostochno-Kazakhstanskaya
2018,3,0.28497849462365593,Vostochno-Kazakhstanskaya
2018,4,0.2935583333333333,Vostochno-Kazakhstanskaya
2018,5,0.228502688172043,Vostochno-Kazakhstanskaya
2018,6,0.16237361111111112,Vostochno-Kazakhstanskaya
2018,7,0.17538844086021507,Vostochno-Kazakhstanskaya
2018,8,0.17485618279569892,Vostochno-Kazakhstanskaya
2018,9,0.20184305555555554,Vostochno-Kazakhstanskaya
2018,10,0.20759677419354838,Vostochno-Kazakhstanskaya
2018,11,0.24732916666666666,Vostochno-Kazakhstanskaya
2018,12,0.2496747311827957,Vostochno-Kazakhstanskaya
2019,1,0.24368145161290322,Vostochno-Kazakhstanskaya
2019,2,0.23047619047619047,Vostochno-Kazakhstanskaya
2019,3,0.30996102150537636,Vostochno-Kazakhstanskaya
2019,4,0.28529583333333336,Vostochno-Kazakhstanskaya
2019,5,0.2369247311827957,Vostochno-Kazakhstanskaya
2019,6,0.22252222222222223,Vostochno-Kazakhstanskaya
2019,7,0.17450000000000002,Vostochno-Kazakhstanskaya
2019,8,0.2043494623655914,Vostochno-Kazakhstanskaya
2019,9,0.18566388888888888,Vostochno-Kazakhstanskaya
2019,10,0.23025940860215052,Vostochno-Kazakhstanskaya
2019,11,0.2726666666666667,Vostochno-Kazakhstanskaya
2019,12,0.26189650537634407,Vostochno-Kazakhstanskaya
2020,1,0.24831048387096774,Vostochno-Kazakhstanskaya
2020,2,0.24162499999999998,Vostochno-Kazakhstanskaya
2020,3,0.2827795698924731,Vostochno-Kazakhstanskaya
2020,4,0.2810375,Vostochno-Kazakhstanskaya
2020,5,0.16689112903225806,Vostochno-Kazakhstanskaya
2020,6,0.20593333333333333,Vostochno-Kazakhstanskaya
2020,7,0.18466129032258066,Vostochno-Kazakhstanskaya
2020,8,0.19136155913978492,Vostochno-Kazakhstanskaya
2020,9,0.17432638888888888,Vostochno-Kazakhstanskaya
2020,10,0.2485470430107527,Vostochno-Kazakhstanskaya
2020,11,0.24573333333333333,Vostochno-Kazakhstanskaya
2020,12,0.248,Vostochno-Kazakhstanskaya
2021,1,0.248,Vostochno-Kazakhstanskaya
2021,2,0.2480297619047619,Vostochno-Kazakhstanskaya
2021,3,0.27780510752688176,Vostochno-Kazakhstanskaya
2021,4,0.29149305555555555,Vostochno-Kazakhstanskaya
2021,5,0.17327419354838708,Vostochno-Kazakhstanskaya
2021,6,0.18844444444444444,Vostochno-Kazakhstanskaya
2021,7,0.17633467741935485,Vostochno-Kazakhstanskaya
2021,8,0.17006989247311827,Vostochno-Kazakhstanskaya
2021,9,0.17289305555555556,Vostochno-Kazakhstanskaya
2021,10,0.24502553763440862,Vostochno-Kazakhstanskaya
2021,11,0.27581944444444445,Vostochno-Kazakhstanskaya
2021,12,0.3013333333333333,Vostochno-Kazakhstanskaya
2022,1,0.28650672043010755,Vostochno-Kazakhstanskaya
2022,2,0.272,Vostochno-Kazakhstanskaya
2022,3,0.3442836021505376,Vostochno-Kazakhstanskaya
2022,4,0.28423194444444444,Vostochno-Kazakhstanskaya
2022,5,0.16820967741935483,Vostochno-Kazakhstanskaya
2022,6,0.18083611111111111,Vostochno-Kazakhstanskaya
2022,7,0.1956505376344086,Vostochno-Kazakhstanskaya
2022,8,0.17673790322580646,Vostochno-Kazakhstanskaya
2022,9,0.16585972222222223,Vostochno-Kazakhstanskaya
2022,10,0.19002956989247313,Vostochno-Kazakhstanskaya
2022,11,0.26575,Vostochno-Kazakhstanskaya
2022,12,0.24536424731182793,Vostochno-Kazakhstanskaya
2023,1,0.24063037634408602,Vostochno-Kazakhstanskaya
2023,2,0.23699999999999996,Vostochno-Kazakhstanskaya
2023,3,0.3425994623655914,Vostochno-Kazakhstanskaya
2023,4,0.34637222222222225,Vostochno-Kazakhstanskaya
2023,5,0.19507930107526883,Vostochno-Kazakhstanskaya
2023,6,0.1601138888888889,Vostochno-Kazakhstanskaya
2023,7,0.15769220430107525,Vostochno-Kazakhstanskaya
2023,8,0.2539126344086022,Vostochno-Kazakhstanskaya
2023,9,0.3055541666666667,Vostochno-Kazakhstanskaya
2023,10,0.29535080645161293,Vostochno-Kazakhstanskaya
2023,11,0.3115444444444444,Vostochno-Kazakhstanskaya
2023,12,0.2990806451612903,Vostochno-Kazakhstanskaya
2014,1,0.34378494623655914,Yuzhno-Kazakhstanskaya
2014,2,0.3567142857142857,Yuzhno-Kazakhstanskaya
2014,3,0.32976344086021503,Yuzhno-Kazakhstanskaya
2014,4,0.26137222222222223,Yuzhno-Kazakhstanskaya
2014,5,0.12826747311827957,Yuzhno-Kazakhstanskaya
2014,6,0.11350833333333334,Yuzhno-Kazakhstanskaya
2014,7,0.10506451612903225,Yuzhno-Kazakhstanskaya
2014,8,0.10499999999999998,Yuzhno-Kazakhstanskaya
2014,9,0.10894861111111111,Yuzhno-Kazakhstanskaya
2014,10,0.17439247311827955,Yuzhno-Kazakhstanskaya
2014,11,0.30614444444444444,Yuzhno-Kazakhstanskaya
2014,12,0.3015591397849462,Yuzhno-Kazakhstanskaya
2015,1,0.3290483870967742,Yuzhno-Kazakhstanskaya
2015,2,0.3344300595238095,Yuzhno-Kazakhstanskaya
2015,3,0.2840268817204301,Yuzhno-Kazakhstanskaya
2015,4,0.20918750000000003,Yuzhno-Kazakhstanskaya
2015,5,0.132127688172043,Yuzhno-Kazakhstanskaya
2015,6,0.10714583333333333,Yuzhno-Kazakhstanskaya
2015,7,0.10501209677419354,Yuzhno-Kazakhstanskaya
2015,8,0.12058870967741936,Yuzhno-Kazakhstanskaya
2015,9,0.11750972222222222,Yuzhno-Kazakhstanskaya
2015,10,0.18888306451612902,Yuzhno-Kazakhstanskaya
2015,11,0.3486944444444445,Yuzhno-Kazakhstanskaya
2015,12,0.34778897849462365,Yuzhno-Kazakhstanskaya
2016,1,0.362002688172043,Yuzhno-Kazakhstanskaya
2016,2,0.3042140804597701,Yuzhno-Kazakhstanskaya
2016,3,0.23988440860215052,Yuzhno-Kazakhstanskaya
2016,4,0.2582111111111111,Yuzhno-Kazakhstanskaya
2016,5,0.18364381720430106,Yuzhno-Kazakhstanskaya
2016,6,0.14867638888888887,Yuzhno-Kazakhstanskaya
2016,7,0.11222311827956989,Yuzhno-Kazakhstanskaya
2016,8,0.10537365591397849,Yuzhno-Kazakhstanskaya
2016,9,0.10627083333333333,Yuzhno-Kazakhstanskaya
2016,10,0.17858736559139785,Yuzhno-Kazakhstanskaya
2016,11,0.2231125,Yuzhno-Kazakhstanskaya
2016,12,0.3009771505376344,Yuzhno-Kazakhstanskaya
2017,1,0.28735080645161293,Yuzhno-Kazakhstanskaya
2017,2,0.3376785714285714,Yuzhno-Kazakhstanskaya
2017,3,0.24162768817204303,Yuzhno-Kazakhstanskaya
2017,4,0.16426388888888888,Yuzhno-Kazakhstanskaya
2017,5,0.03941397849462366,Yuzhno-Kazakhstanskaya
2017,6,0.028419444444444445,Yuzhno-Kazakhstanskaya
2017,7,0.02731989247311828,Yuzhno-Kazakhstanskaya
2017,8,0.029001344086021508,Yuzhno-Kazakhstanskaya
2017,9,0.03267777777777778,Yuzhno-Kazakhstanskaya
2017,10,0.046069892473118275,Yuzhno-Kazakhstanskaya
2017,11,0.060594444444444444,Yuzhno-Kazakhstanskaya
2017,12,0.2237258064516129,Yuzhno-Kazakhstanskaya
2018,1,0.2083010752688172,Yuzhno-Kazakhstanskaya
2018,2,0.21630357142857143,Yuzhno-Kazakhstanskaya
2018,3,0.162747311827957,Yuzhno-Kazakhstanskaya
2018,4,0.05511944444444444,Yuzhno-Kazakhstanskaya
2018,5,0.037705645161290324,Yuzhno-Kazakhstanskaya
2018,6,0.026544444444444447,Yuzhno-Kazakhstanskaya
2018,7,0.02509408602150538,Yuzhno-Kazakhstanskaya
2018,8,0.024669354838709676,Yuzhno-Kazakhstanskaya
2018,9,0.024973611111111113,Yuzhno-Kazakhstanskaya
2018,10,0.03998252688172043,Yuzhno-Kazakhstanskaya
2018,11,0.1352486111111111,Yuzhno-Kazakhstanskaya
2018,12,0.26885887096774197,Yuzhno-Kazakhstanskaya
2019,1,0.29604166666666665,Yuzhno-Kazakhstanskaya
2019,2,0.29995238095238097,Yuzhno-Kazakhstanskaya
2019,3,0.17656720430107528,Yuzhno-Kazakhstanskaya
2019,4,0.1469861111111111,Yuzhno-Kazakhstanskaya
2019,5,0.03169220430107527,Yuzhno-Kazakhstanskaya
2019,6,0.02555972222222222,Yuzhno-Kazakhstanskaya
2019,7,0.021274193548387096,Yuzhno-Kazakhstanskaya
2019,8,0.016259408602150537,Yuzhno-Kazakhstanskaya
2019,9,0.02261527777777778,Yuzhno-Kazakhstanskaya
2019,10,0.035491935483870966,Yuzhno-Kazakhstanskaya
2019,11,0.06545138888888889,Yuzhno-Kazakhstanskaya
2019,12,0.20324462365591398,Yuzhno-Kazakhstanskaya
2020,1,0.23470430107526882,Yuzhno-Kazakhstanskaya
2020,2,0.2424727011494253,Yuzhno-Kazakhstanskaya
2020,3,0.0748252688172043,Yuzhno-Kazakhstanskaya
2020,4,0.09252361111111111,Yuzhno-Kazakhstanskaya
2020,5,0.05851747311827957,Yuzhno-Kazakhstanskaya
2020,6,0.022005555555555556,Yuzhno-Kazakhstanskaya
2020,7,0.021545698924731186,Yuzhno-Kazakhstanskaya
2020,8,0.018879032258064515,Yuzhno-Kazakhstanskaya
2020,9,0.027405555555555555,Yuzhno-Kazakhstanskaya
2020,10,0.02565994623655914,Yuzhno-Kazakhstanskaya
2020,11,0.07356805555555555,Yuzhno-Kazakhstanskaya
2020,12,0.11925,Yuzhno-Kazakhstanskaya
2021,1,0.1453521505376344,Yuzhno-Kazakhstanskaya
2021,2,0.2049449404761905,Yuzhno-Kazakhstanskaya
2021,3,0.24011155913978494,Yuzhno-Kazakhstanskaya
2021,4,0.11977083333333333,Yuzhno-Kazakhstanskaya
2021,5,0.03564650537634409,Yuzhno-Kazakhstanskaya
2021,6,0.024204166666666665,Yuzhno-Kazakhstanskaya
2021,7,0.021651881720430106,Yuzhno-Kazakhstanskaya
2021,8,0.01685752688172043,Yuzhno-Kazakhstanskaya
2021,9,0.014445833333333333,Yuzhno-Kazakhstanskaya
2021,10,0.03733467741935484,Yuzhno-Kazakhstanskaya
2021,11,0.07310277777777778,Yuzhno-Kazakhstanskaya
2021,12,0.23011021505376344,Yuzhno-Kazakhstanskaya
2022,1,0.3225040322580645,Yuzhno-Kazakhstanskaya
2022,2,0.2708035714285714,Yuzhno-Kazakhstanskaya
2022,3,0.2974798387096774,Yuzhno-Kazakhstanskaya
2022,4,0.08874722222222223,Yuzhno-Kazakhstanskaya
2022,5,0.0727002688172043,Yuzhno-Kazakhstanskaya
2022,6,0.029566666666666668,Yuzhno-Kazakhstanskaya
2022,7,0.024123655913978494,Yuzhno-Kazakhstanskaya
2022,8,0.025986559139784947,Yuzhno-Kazakhstanskaya
2022,9,0.025181944444444444,Yuzhno-Kazakhstanskaya
2022,10,0.07831182795698925,Yuzhno-Kazakhstanskaya
2022,11,0.2828291666666667,Yuzhno-Kazakhstanskaya
2022,12,0.30397983870967743,Yuzhno-Kazakhstanskaya
2023,1,0.3511706989247312,Yuzhno-Kazakhstanskaya
2023,2,0.337078869047619,Yuzhno-Kazakhstanskaya
2023,3,0.15113306451612904,Yuzhno-Kazakhstanskaya
2023,4,0.09933333333333333,Yuzhno-Kazakhstanskaya
2023,5,0.053977150537634404,Yuzhno-Kazakhstanskaya
2023,6,0.024359722222222224,Yuzhno-Kazakhstanskaya
2023,7,0.023978494623655915,Yuzhno-Kazakhstanskaya
2023,8,0.05421639784946237,Yuzhno-Kazakhstanskaya
2023,9,0.04785833333333333,Yuzhno-Kazakhstanskaya
2023,10,0.08490456989247311,Yuzhno-Kazakhstanskaya
2023,11,0.21030277777777778,Yuzhno-Kazakhstanskaya
2023,12,0.2717258064516129,Yuzhno-Kazakhstanskaya
2014,1,0.3235967741935484,Zapadno-Kazakhstanskaya
2014,2,0.3159434523809524,Zapadno-Kazakhstanskaya
2014,3,0.35530241935483875,Zapadno-Kazakhstanskaya
2014,4,0.29838472222222223,Zapadno-Kazakhstanskaya
2014,5,0.18391532258064516,Zapadno-Kazakhstanskaya
2014,6,0.14324861111111112,Zapadno-Kazakhstanskaya
2014,7,0.12587096774193549,Zapadno-Kazakhstanskaya
2014,8,0.12391263440860216,Zapadno-Kazakhstanskaya
2014,9,0.1289361111111111,Zapadno-Kazakhstanskaya
2014,10,0.18924059139784943,Zapadno-Kazakhstanskaya
2014,11,0.22159444444444445,Zapadno-Kazakhstanskaya
2014,12,0.2526666666666667,Zapadno-Kazakhstanskaya
2015,1,0.3238965053763441,Zapadno-Kazakhstanskaya
2015,2,0.3157797619047619,Zapadno-Kazakhstanskaya
2015,3,0.3208790322580645,Zapadno-Kazakhstanskaya
2015,4,0.2738527777777778,Zapadno-Kazakhstanskaya
2015,5,0.18216801075268815,Zapadno-Kazakhstanskaya
2015,6,0.13094027777777778,Zapadno-Kazakhstanskaya
2015,7,0.1439758064516129,Zapadno-Kazakhstanskaya
2015,8,0.14378897849462366,Zapadno-Kazakhstanskaya
2015,9,0.1453,Zapadno-Kazakhstanskaya
2015,10,0.15213978494623656,Zapadno-Kazakhstanskaya
2015,11,0.2782277777777778,Zapadno-Kazakhstanskaya
2015,12,0.3165537634408602,Zapadno-Kazakhstanskaya
2016,1,0.30901344086021504,Zapadno-Kazakhstanskaya
2016,2,0.36659482758620693,Zapadno-Kazakhstanskaya
2016,3,0.35370430107526885,Zapadno-Kazakhstanskaya
2016,4,0.3305958333333333,Zapadno-Kazakhstanskaya
2016,5,0.3134784946236559,Zapadno-Kazakhstanskaya
2016,6,0.19554166666666667,Zapadno-Kazakhstanskaya
2016,7,0.17501478494623657,Zapadno-Kazakhstanskaya
2016,8,0.13801881720430106,Zapadno-Kazakhstanskaya
2016,9,0.2275875,Zapadno-Kazakhstanskaya
2016,10,0.26105645161290325,Zapadno-Kazakhstanskaya
2016,11,0.3176027777777778,Zapadno-Kazakhstanskaya
2016,12,0.2942836021505376,Zapadno-Kazakhstanskaya
2017,1,0.2899032258064516,Zapadno-Kazakhstanskaya
2017,2,0.30740178571428567,Zapadno-Kazakhstanskaya
2017,3,0.37288306451612907,Zapadno-Kazakhstanskaya
2017,4,0.3066125,Zapadno-Kazakhstanskaya
2017,5,0.19400672043010753,Zapadno-Kazakhstanskaya
2017,6,0.17461805555555554,Zapadno-Kazakhstanskaya
2017,7,0.14505779569892474,Zapadno-Kazakhstanskaya
2017,8,0.1426706989247312,Zapadno-Kazakhstanskaya
2017,9,0.14470416666666666,Zapadno-Kazakhstanskaya
2017,10,0.20123252688172044,Zapadno-Kazakhstanskaya
2017,11,0.27952916666666666,Zapadno-Kazakhstanskaya
2017,12,0.273369623655914,Zapadno-Kazakhstanskaya
2018,1,0.2938938172043011,Zapadno-Kazakhstanskaya
2018,2,0.2957470238095238,Zapadno-Kazakhstanskaya
2018,3,0.3574516129032258,Zapadno-Kazakhstanskaya
2018,4,0.29790694444444443,Zapadno-Kazakhstanskaya
2018,5,0.1667768817204301,Zapadno-Kazakhstanskaya
2018,6,0.14554583333333335,Zapadno-Kazakhstanskaya
2018,7,0.14319354838709678,Zapadno-Kazakhstanskaya
2018,8,0.14536424731182795,Zapadno-Kazakhstanskaya
2018,9,0.16472916666666668,Zapadno-Kazakhstanskaya
2018,10,0.19215994623655916,Zapadno-Kazakhstanskaya
2018,11,0.20137500000000003,Zapadno-Kazakhstanskaya
2018,12,0.2559206989247312,Zapadno-Kazakhstanskaya
2019,1,0.2764516129032258,Zapadno-Kazakhstanskaya
2019,2,0.2916666666666667,Zapadno-Kazakhstanskaya
2019,3,0.3589704301075269,Zapadno-Kazakhstanskaya
2019,4,0.2584486111111111,Zapadno-Kazakhstanskaya
2019,5,0.16243279569892471,Zapadno-Kazakhstanskaya
2019,6,0.14090416666666666,Zapadno-Kazakhstanskaya
2019,7,0.17521774193548387,Zapadno-Kazakhstanskaya
2019,8,0.1463709677419355,Zapadno-Kazakhstanskaya
2019,9,0.18702777777777777,Zapadno-Kazakhstanskaya
2019,10,0.20641397849462367,Zapadno-Kazakhstanskaya
2019,11,0.24141666666666667,Zapadno-Kazakhstanskaya
2019,12,0.27143010752688174,Zapadno-Kazakhstanskaya
2020,1,0.26521102150537634,Zapadno-Kazakhstanskaya
2020,2,0.3057859195402299,Zapadno-Kazakhstanskaya
2020,3,0.25760483870967743,Zapadno-Kazakhstanskaya
2020,4,0.20190972222222223,Zapadno-Kazakhstanskaya
2020,5,0.19441801075268816,Zapadno-Kazakhstanskaya
2020,6,0.14425694444444442,Zapadno-Kazakhstanskaya
2020,7,0.14476478494623657,Zapadno-Kazakhstanskaya
2020,8,0.19231854838709678,Zapadno-Kazakhstanskaya
2020,9,0.19270555555555555,Zapadno-Kazakhstanskaya
2020,10,0.17391129032258065,Zapadno-Kazakhstanskaya
2020,11,0.1799125,Zapadno-Kazakhstanskaya
2020,12,0.1871048387096774,Zapadno-Kazakhstanskaya
2021,1,0.2505067204301075,Zapadno-Kazakhstanskaya
2021,2,0.36595684523809524,Zapadno-Kazakhstanskaya
2021,3,0.3848467741935484,Zapadno-Kazakhstanskaya
2021,4,0.30846666666666667,Zapadno-Kazakhstanskaya
2021,5,0.19405913978494624,Zapadno-Kazakhstanskaya
2021,6,0.15661805555555555,Zapadno-Kazakhstanskaya
2021,7,0.14949462365591398,Zapadno-Kazakhstanskaya
2021,8,0.13076747311827958,Zapadno-Kazakhstanskaya
2021,9,0.19775694444444444,Zapadno-Kazakhstanskaya
2021,10,0.19527822580645163,Zapadno-Kazakhstanskaya
2021,11,0.2526819444444445,Zapadno-Kazakhstanskaya
2021,12,0.30029032258064514,Zapadno-Kazakhstanskaya
2022,1,0.3567997311827957,Zapadno-Kazakhstanskaya
2022,2,0.3665208333333333,Zapadno-Kazakhstanskaya
2022,3,0.3645322580645161,Zapadno-Kazakhstanskaya
2022,4,0.28670555555555555,Zapadno-Kazakhstanskaya
2022,5,0.2975215053763441,Zapadno-Kazakhstanskaya
2022,6,0.153125,Zapadno-Kazakhstanskaya
2022,7,0.19614516129032256,Zapadno-Kazakhstanskaya
2022,8,0.15148521505376344,Zapadno-Kazakhstanskaya
2022,9,0.20032777777777777,Zapadno-Kazakhstanskaya
2022,10,0.22983198924731182,Zapadno-Kazakhstanskaya
2022,11,0.3284458333333333,Zapadno-Kazakhstanskaya
2022,12,0.3230040322580645,Zapadno-Kazakhstanskaya
2023,1,0.3379139784946237,Zapadno-Kazakhstanskaya
2023,2,0.34175297619047623,Zapadno-Kazakhstanskaya
2023,3,0.3505241935483871,Zapadno-Kazakhstanskaya
2023,4,0.2663041666666667,Zapadno-Kazakhstanskaya
2023,5,0.18686693548387096,Zapadno-Kazakhstanskaya
2023,6,0.16919166666666666,Zapadno-Kazakhstanskaya
2023,7,0.19455779569892473,Zapadno-Kazakhstanskaya
2023,8,0.15275672043010752,Zapadno-Kazakhstanskaya
2023,9,0.18801944444444443,Zapadno-Kazakhstanskaya
2023,10,0.3005510752688172,Zapadno-Kazakhstanskaya
2023,11,0.371625,Zapadno-Kazakhstanskaya
2023,12,0.3695793010752688,Zapadno-Kazakhstanskaya
2014,1,0.47113037634408605,Zhambylskaya
2014,2,0.5969494047619048,Zhambylskaya
2014,3,0.4970497311827957,Zhambylskaya
2014,4,0.16895972222222222,Zhambylskaya
2014,5,0.05856182795698925,Zhambylskaya
2014,6,0.050747222222222214,Zhambylskaya
2014,7,0.0371747311827957,Zhambylskaya
2014,8,0.03645430107526882,Zhambylskaya
2014,9,0.04116388888888889,Zhambylskaya
2014,10,0.12896505376344086,Zhambylskaya
2014,11,0.3642111111111111,Zhambylskaya
2014,12,0.44998387096774195,Zhambylskaya
2015,1,0.4836370967741936,Zhambylskaya
2015,2,0.4933363095238095,Zhambylskaya
2015,3,0.3590698924731183,Zhambylskaya
2015,4,0.15941527777777778,Zhambylskaya
2015,5,0.049353494623655916,Zhambylskaya
2015,6,0.0388875,Zhambylskaya
2015,7,0.03629435483870967,Zhambylskaya
2015,8,0.03827822580645161,Zhambylskaya
2015,9,0.04554166666666667,Zhambylskaya
2015,10,0.21518682795698924,Zhambylskaya
2015,11,0.4967916666666667,Zhambylskaya
2015,12,0.5025725806451613,Zhambylskaya
2016,1,0.5473830645161291,Zhambylskaya
2016,2,0.44325862068965516,Zhambylskaya
2016,3,0.2392768817204301,Zhambylskaya
2016,4,0.2757541666666667,Zhambylskaya
2016,5,0.145369623655914,Zhambylskaya
2016,6,0.05720416666666666,Zhambylskaya
2016,7,0.04491801075268817,Zhambylskaya
2016,8,0.03794354838709677,Zhambylskaya
2016,9,0.03809166666666666,Zhambylskaya
2016,10,0.18873655913978493,Zhambylskaya
2016,11,0.34996805555555555,Zhambylskaya
2016,12,0.47195026881720425,Zhambylskaya
2017,1,0.471358870967742,Zhambylskaya
2017,2,0.4886830357142857,Zhambylskaya
2017,3,0.44513709677419355,Zhambylskaya
2017,4,0.25198750000000003,Zhambylskaya
2017,5,0.08095698924731183,Zhambylskaya
2017,6,0.052227777777777776,Zhambylskaya
2017,7,0.04325537634408602,Zhambylskaya
2017,8,0.04689247311827957,Zhambylskaya
2017,9,0.05263333333333334,Zhambylskaya
2017,10,0.06663575268817204,Zhambylskaya
2017,11,0.08380277777777778,Zhambylskaya
2017,12,0.31285752688172047,Zhambylskaya
2018,1,0.43176478494623655,Zhambylskaya
2018,2,0.4542127976190476,Zhambylskaya
2018,3,0.3829153225806452,Zhambylskaya
2018,4,0.13418194444444445,Zhambylskaya
2018,5,0.054494623655913975,Zhambylskaya
2018,6,0.04838055555555556,Zhambylskaya
2018,7,0.04151344086021505,Zhambylskaya
2018,8,0.04017607526881721,Zhambylskaya
2018,9,0.04384444444444445,Zhambylskaya
2018,10,0.1297701612903226,Zhambylskaya
2018,11,0.30482916666666665,Zhambylskaya
2018,12,0.4921155913978495,Zhambylskaya
2019,1,0.5165577956989248,Zhambylskaya
2019,2,0.4963005952380953,Zhambylskaya
2019,3,0.3745537634408602,Zhambylskaya
2019,4,0.2939819444444444,Zhambylskaya
2019,5,0.06945698924731183,Zhambylskaya
2019,6,0.04290833333333333,Zhambylskaya
2019,7,0.044025537634408606,Zhambylskaya
2019,8,0.03663440860215053,Zhambylskaya
2019,9,0.04028194444444445,Zhambylskaya
2019,10,0.05583870967741935,Zhambylskaya
2019,11,0.14101249999999999,Zhambylskaya
2019,12,0.24820833333333334,Zhambylskaya
2020,1,0.33923387096774194,Zhambylskaya
2020,2,0.2847040229885057,Zhambylskaya
2020,3,0.09720698924731183,Zhambylskaya
2020,4,0.11405972222222223,Zhambylskaya
2020,5,0.06664381720430107,Zhambylskaya
2020,6,0.026594444444444445,Zhambylskaya
2020,7,0.031655913978494626,Zhambylskaya
2020,8,0.022088709677419355,Zhambylskaya
2020,9,0.036033333333333334,Zhambylskaya
2020,10,0.0406747311827957,Zhambylskaya
2020,11,0.11074583333333332,Zhambylskaya
2020,12,0.17422043010752689,Zhambylskaya
2021,1,0.22656989247311826,Zhambylskaya
2021,2,0.4956488095238096,Zhambylskaya
2021,3,0.3942862903225806,Zhambylskaya
2021,4,0.2687861111111111,Zhambylskaya
2021,5,0.04855645161290322,Zhambylskaya
2021,6,0.03625,Zhambylskaya
2021,7,0.030631720430107527,Zhambylskaya
2021,8,0.030905913978494622,Zhambylskaya
2021,9,0.032391666666666666,Zhambylskaya
2021,10,0.0632244623655914,Zhambylskaya
2021,11,0.06673194444444445,Zhambylskaya
2021,12,0.21503360215053766,Zhambylskaya
2022,1,0.3915806451612903,Zhambylskaya
2022,2,0.3557232142857143,Zhambylskaya
2022,3,0.38835618279569895,Zhambylskaya
2022,4,0.18013194444444444,Zhambylskaya
2022,5,0.08796236559139785,Zhambylskaya
2022,6,0.053101388888888885,Zhambylskaya
2022,7,0.041715053763440854,Zhambylskaya
2022,8,0.0515524193548387,Zhambylskaya
2022,9,0.040575,Zhambylskaya
2022,10,0.08561424731182796,Zhambylskaya
2022,11,0.4527611111111111,Zhambylskaya
2022,12,0.5468064516129032,Zhambylskaya
2023,1,0.5029233870967742,Zhambylskaya
2023,2,0.5649300595238095,Zhambylskaya
2023,3,0.4589690860215054,Zhambylskaya
2023,4,0.2048888888888889,Zhambylskaya
2023,5,0.0637271505376344,Zhambylskaya
2023,6,0.03992083333333333,Zhambylskaya
2023,7,0.03871774193548387,Zhambylskaya
2023,8,0.04746639784946236,Zhambylskaya
2023,9,0.05948194444444444,Zhambylskaya
2023,10,0.09288844086021504,Zhambylskaya
2023,11,0.12590972222222221,Zhambylskaya
2023,12,0.21362096774193548,Zhambylskaya
